Time=, 10.000057870347176
zr, Tmp, Sal, O2 , TA , DIC, DIC_13C, NO3, NO3_15N, NH4, NH4_15N, PO4, PO4_P1, LDOC, LDOC_13C, RDOC, RDOC_13C, LPOC, LPOC_13C, RPOC, RPOC_13C, CPOC, CPOC_13C, LDON, LDON_15N, RDON, RDON_15N, LPON, LPON_15N, RPON, RPON_15N, CPON, CPON_15N, LDOP, LDOP_P1, RDOP, RDOP_P1, LPOP, LPOP_P1, RPOP, RPOP_P1, CPOP, CPOP_P1, PIC, PIC_13C, Mn2 , MnO2, Fe2 , FeS2, FeS2_34S, FeOOH, FeOOH_PO4, FeOOH_PO4_P1, H2S, H2S_34S, SO4, SO4_34S, S0 , S0_34S
-1.0000000000000000, 24.867081670156221, 33.995670093221534, 233.72014536892695, 2259.2325506990423, 1997.1036671272177, -0.32623502371215595E+148, 0.14388563160520557, 0.21206430827151625E-5, 0.27491059297598874, 0.26475010502029855E-4, 0.30085197349856697E-1, 0.22456390596626847E-4, 0.88712039415528729E-1, 0.0000000000000000, 50.195547579163062, -0.91792333003137279E-310, 7141.5891764550788, 2.6776136695973514, 1177750.5117984398, 15.626634375916414, 149762.06774541625, 0.0000000000000000, 0.13390496515551426E-1, 0.53352872914806761E-5, 7.5766864270438816, 0.29064169736743671E-4, 928.54511019669314, 0.51099430575550231, 177490.97178610731, 6.0336458110972524, 19060.626803961852, 0.55730484378697809E-2, 0.83690603222196414E-3, 0.26233105346404970E-6, 0.47354290169024260, 0.14703662849065752E-5, 30.773810531485516, 0.31518845399110665E-1, 11041.615231241145, 3.0057388414118740, 544.58933725605948, 0.17451675609709151E-1, 2135221.9884794788, 0.29476055939694194E-3, 0.0000000000000000, 32.189519028593629, 0.0000000000000000, 275.21562814202872, 1.2044233367652244, 11.506961821584799, 0.41162111130688333E-10, 0.40594409558644688E-13, 0.0000000000000000, 0.0000000000000000, 28050.228250835480, 125.91065339931100, 590.30423359393308, 2.5878055293302071
0.10000000000000001, 24.904625656427612, 33.995641179128448, 192.76340183212093, 2317.1581472084113, 2091.3444042866759, -0.33437151950752129E+148, 0.46733043805497282E-1, 0.18689998473562870E-5, 0.14437365422482559, 0.35363705304949773E-4, 0.10407287289666374E-1, 0.79513185028351126E-5, 0.88900263736212959E-1, 0.26898354286150000E-14, 51.185476985181161, 0.40078162577064316E-3, 7141.5917672577880, 2.6776119722509906, 1177750.5196196369, 15.626633550090451, 149762.12780652600, 0.0000000000000000, 0.13418907730221559E-1, 0.51862582639340102E-5, 7.7261097334616871, 0.67825262509701621E-3, 928.54543740141276, 0.51099428248431711, 177490.97272840756, 6.0336460338479521, 19060.634448103094, 0.55730562748698784E-2, 0.83868173347558103E-3, 0.25524475828552020E-6, 0.48288185841588055, 0.22108546380230875E-3, 30.773819331987159, 0.31518830536512762E-1, 11041.615246670124, 3.0057384396305098, 544.58955566009490, 0.17451684733517176E-1, 2135221.9839932555, 0.29476055808078176E-3, 0.30434397645652222, 32.189483194633098, 0.90149987543768385E-2, 275.21563665679099, 1.2044233741200627, 11.507086955892502, 0.41163036632487607E-10, 0.40593390821441582E-13, 26.656643188189086, 0.11722674318170348, 28004.565359043088, 125.70981261671486, 590.30409722991681, 2.5878049329960717
0.23266517673070708, 25.236037822655124, 33.995259551492474, 6.6149634239194075, 3270.4447329008490, 3121.6536460180087, -0.42864082009816024E+148, 0.10308361870771333E-2, 0.30737190059595702E-6, 0.12371911040663379, 0.40746866086277910E-4, 0.40070318476020080E-2, 0.26873523766840989E-5, 0.89175176235939485E-1, 0.66132213556629464E-14, 51.200366315449195, 0.40679416025210600E-3, 7019.9393881847291, 2.4004784317688608, 1178982.0001087922, 15.489813303821364, 149961.71826859110, 0.0000000000000000, 0.13460403951423174E-1, 0.49764027702380069E-5, 7.7283571795376256, 0.68799905827279350E-3, 910.86179449738279, 0.45681016104880673, 177677.02278705797, 6.0001652414359414, 19086.036870547854, 0.55837806125120740E-2, 0.84127524779180297E-3, 0.24521747467930181E-6, 0.48302232379674648, 0.22436711761756486E-3, 29.792456363275882, 0.28303828642835538E-1, 11053.273696843353, 3.0056126732908917, 545.31533915851571, 0.17475007931699281E-1, 2137760.9635116379, 0.29510862348106797E-3, 2.6040364828041320, 28.561729424774345, 0.72982546975302820E-1, 274.86063300553633, 1.2028524482302412, 4.8732700796508164, 0.17393350169939358E-10, 0.16603645421212271E-13, 434.83845383714083, 1.9122703108152361, 27560.785033767355, 123.75818021105586, 590.22928952686766, 2.5874777785333030
0.40768279312777955, 25.417913345412892, 33.994755124764922, 0.58679755683220529E-1, 4663.8402903392825, 4407.0310771731447, -0.55303907098309858E+148, 0.43377532762466171E-4, 0.24102367593886435E-7, 0.12093856563445275, 0.34958181533067366E-4, 0.37458571298428101E-2, 0.22089874672133955E-5, 0.89556333617900025E-1, 0.11799503537079751E-13, 51.220051619786688, 0.41471648077709010E-3, 6886.3414254956670, 2.0760291250912757, 1180588.3030065522, 15.305015013508097, 150253.23323525622, 0.0000000000000000, 0.13517937134318054E-1, 0.47126586124093609E-5, 7.7313285462271137, 0.70085377499186060E-3, 891.29053695157870, 0.39402163308469584, 177919.84847665846, 5.9562721538683752, 19123.138775396150, 0.56037092483180936E-2, 0.84487107237177575E-3, 0.23254652686798020E-6, 0.48320803421631708, 0.22866797781731878E-3, 28.677700951385710, 0.24547774359464043E-1, 11068.516865663145, 3.0029625182094355, 546.37539358275455, 0.17508768129252755E-1, 2141158.6791510363, 0.29557016286235510E-3, 5.8809919612496593, 22.392981467809268, 0.19899289631895342E-1, 274.40430925684439, 1.2008322116349950, 0.71161913542882416, 0.28395920355025070E-11, 0.26617078914450713E-14, 1067.9153096523380, 4.6966837434007038, 26877.811643796333, 120.75446633863665, 585.28405499971529, 2.5657524561793990
0.63691379040360430, 25.500169063463122, 33.994091199672930, 0.17856941986384034E-3, 6399.4137818260269, 5999.8563039011924, -0.71595387450848560E+148, 0.20298748677752336E-5, 0.11949657908073756E-8, 0.11678757418484059, 0.28120203837086219E-4, 0.35657397472572748E-2, 0.17966819675367224E-5, 0.90064764609838130E-1, 0.18598749103273040E-13, 51.245818972113518, 0.42504231593631806E-3, 6743.1538181426877, 1.7099809832458688, 1182660.5455098422, 15.057293649988692, 150629.92861180301, 0.0000000000000000, 0.13594681426033440E-1, 0.43878085352707091E-5, 7.7352179578952560, 0.71762946172892713E-3, 870.17945065577703, 0.32340645718616812, 178233.39127892483, 5.8983359087741496, 19171.081823320223, 0.56356285953806399E-2, 0.84966759145438462E-3, 0.21685270268920317E-6, 0.48345112244750660, 0.23423263500163346E-3, 27.449861756588387, 0.20311770852439848E-1, 11088.250381632481, 2.9952168542232398, 547.74519495202014, 0.17551189854893460E-1, 2145563.4271405162, 0.29616095762988854E-3, 9.6689290118627618, 15.489705444457993, 0.12472859372577936E-2, 273.78586488511269, 1.1980941654284976, 0.41926639569714035E-1, 0.17881142040944556E-12, 0.16558044056150618E-15, 1857.1963523266515, 8.1689349988260016, 26029.405936783278, 117.02241635391407, 574.19234375981841, 2.5170353205303040
0.93441374833209401, 25.570869716733139, 33.993225305662961, 0.21467456611316529E-6, 8495.1600733111391, 7922.5649659671717, -0.92707112958854445E+148, 0.62240976430565747E-7, 0.37250184832393017E-10, 0.11342915469869626, 0.21322641239600644E-4, 0.34109568747049813E-2, 0.13891638043674143E-5, 0.90710771348115268E-1, 0.27427608797541942E-13, 51.279191943539743, 0.43834569252079562E-3, 6595.9115859295198, 1.3215644376900626, 1185301.3326324152, 14.733108863095545, 151001.97211663987, 0.0000000000000000, 0.13692191865483429E-1, 0.39972775625098693E-5, 7.7402553875396150, 0.73927718397347273E-3, 848.42140754365494, 0.24859552712462957, 178633.48628599386, 5.8237458242058162, 19218.432814845077, 0.56787153051864828E-2, 0.85576199502290741E-3, 0.19789647963138609E-6, 0.48376596180277331, 0.24133008230117395E-3, 26.175214112901205, 0.15821502719355954E-1, 11113.527339400564, 2.9780584918680484, 549.09808042415557, 0.17589716402946869E-1, 2151213.0632260633, 0.29690579197275938E-3, 13.730042973420156, 8.8877178885364501, 0.30929332915109469E-4, 272.92797278389736, 1.1942967586543067, 0.10338715583071885E-2, 0.45969953680160491E-14, 0.42155177355866845E-17, 2808.8419372842764, 12.356693264507927, 25007.358815485706, 112.52525844677520, 555.48189232084360, 2.4348807695895331
1.3161315248441174, 25.666630144116528, 33.992108707866414, 0.11236955310711804E-9, 10935.788943160915, 10161.162371376953, -0.11969410959238408E+149, 0.12026034946177172E-8, 0.73093831927989547E-12, 0.11119690463702434, 0.15092576125093010E-4, 0.32946813484656195E-2, 0.10162212948911670E-5, 0.91486668431287568E-1, 0.38762843484565046E-13, 51.321865894139975, 0.45524935511191813E-3, 6450.4114579175257, 0.94609621232980878, 1188615.1522159202, 14.325522429164744, 151074.49555262941, 0.0000000000000000, 0.13809308391473920E-1, 0.35421829929852821E-5, 7.7466967385675121, 0.76683873647548416E-3, 827.08191839841902, 0.17658620921613105, 179136.51597173483, 5.7322900475080338, 19227.663070334551, 0.57216751479844154E-2, 0.86308177931000208E-3, 0.17574298620735463E-6, 0.48416854624520045, 0.25022448552119005E-3, 24.955110875553839, 0.11494781083450296E-1, 11145.483056488176, 2.9446130617746245, 549.36180200957006, 0.17586887398351896E-1, 2158360.9835097226, 0.29782639008953105E-3, 17.823118470272320, 3.9293206509403444, 0.33917449381128708E-6, 271.71840662342908, 1.1889448164482326, 0.11339078444891929E-4, 0.51856055941492445E-16, 0.47151167821661039E-19, 3914.5460677741194, 17.224129751395150, 23820.289228522881, 107.30014448971139, 526.33159142961881, 2.3069223608851210
1.7991441079958319, 25.776380141134311, 33.990687449489101, 0.27894740175968123E-13, 13636.494710029257, 12636.769879375235, -0.15359001641404846E+149, 0.14882823783248933E-10, 0.91874747623557612E-14, 0.10937464635257263, 0.98366681225365932E-5, 0.32001895739472114E-2, 0.70101614660044107E-6, 0.92346832367773773E-1, 0.53120617837748447E-13, 51.375536931745067, 0.47635360641372945E-3, 6296.0479809703793, 0.62084786826393012, 1192682.8415960602, 13.835337341757192, 150137.56325667730, 0.0000000000000000, 0.13939144438623157E-1, 0.30333923444864195E-5, 7.7547980272551067, 0.80133474152331498E-3, 805.11520878470128, 0.11471037496556466, 179755.71438912052, 5.6257733794753353, 19108.417141759106, 0.57316083296374918E-2, 0.87119653403865713E-3, 0.15095515586047806E-6, 0.48467487679217203, 0.26111968795826211E-3, 23.825447305252769, 0.77655468822212873E-2, 11185.132961255851, 2.8845641305864209, 545.95477547882194, 0.17458015238093007E-1, 2167239.7621536944, 0.29893403046526301E-3, 21.907535973513152, 1.2562288736670262, 0.17781052221560599E-8, 270.04850023356084, 1.1815579757055927, 0.59472967303308184E-7, 0.27754894903353558E-18, 0.25048040514281695E-21, 5133.3031741898067, 22.591513484946493, 22512.373159297611, 101.54072813298073, 484.54708879226428, 2.1235582961574830
2.4003455242315308, 25.873003305683152, 33.988906393602164, 0.35819530735631065E-17, 16411.464891245905, 15175.837708747496, -0.19520917562395025E+149, 0.12276669768479728E-12, 0.76975316212607513E-16, 0.10648118786920600, 0.57941695966830971E-5, 0.30866830397514619E-2, 0.45626516810334780E-6, 0.93165084778594712E-1, 0.71021345246933457E-13, 51.441618810866096, 0.50212789424693746E-3, 6088.6785740961441, 0.36828503237446347, 1197527.6218146901, 13.272675701526586, 146814.11711318663, 0.0000000000000000, 0.14062654213326064E-1, 0.24945047393877598E-5, 7.7647726505097419, 0.84359056909891726E-3, 777.03932212754125, 0.67237502192197193E-1, 180496.25726493369, 5.5075197563369738, 18685.433087132897, 0.56419077444309473E-2, 0.87891589716289581E-3, 0.12471367970946049E-6, 0.48529829075050535, 0.27407979651641661E-3, 22.659061630268372, 0.48832946083203869E-2, 11233.105311708867, 2.7838800049872918, 533.86951677521802, 0.17047452708679817E-1, 2178017.1939641670, 0.30022090552594098E-3, 26.197524739556801, 0.28005910803291939, 0.48400975383268645E-11, 267.91152000536260, 1.1721018532375838, 0.16195179315620126E-9, 0.76749539148426005E-21, 0.68813399834983688E-24, 6376.6414148314652, 28.069727676792951, 21178.484232605380, 95.664300683906347, 429.73345863871020, 1.8830960062652360
3.1346566604608834, 25.929915483912055, 33.986716598194661, 0.26139160589699988E-21, 18958.578437241478, 17495.918253869771, -0.24484893888264430E+149, 0.72257196132544505E-15, 0.46009434388149044E-18, 0.10049971849633620, 0.30282102274055513E-5, 0.28960748517075203E-2, 0.28412313495855121E-6, 0.93656303672860403E-1, 0.92932568150710771E-13, 51.520851573672488, 0.53277235154032391E-3, 5749.1186482241037, 0.19446427916878581, 1203088.7868100391, 12.664148197558072, 138951.47762006341, 0.0000000000000000, 0.14136800433578418E-1, 0.19595241163943115E-5, 7.7767323128099086, 0.89400943203931228E-3, 732.75647478676740, 0.35075808403495549E-1, 181351.39383476405, 5.3832856910783571, 17684.733515280826, 0.53488170168597624E-2, 0.88355003859541266E-3, 0.98690724065812155E-7, 0.48604576965017687, 0.28893433658308185E-3, 21.163173788196225, 0.28964116380088699E-2, 11289.418275932338, 2.6263858637547268, 505.27810043657865, 0.16122338614213149E-1, 2190747.9024309916, 0.30165144826656038E-3, 30.930157236139674, 0.43379721385509822E-1, 0.75035537221762325E-14, 265.51544882089036, 1.1614829540879912, 0.25115503118337811E-12, 0.12046405239031701E-23, 0.10742013014012885E-26, 7502.4093701051224, 33.032097447227400, 19970.591077936337, 90.340814010962106, 364.30663690955441, 1.5961698647463058
4.0130421120167981, 25.935841399697651, 33.984087989375773, 0.12010503279723585E-25, 20891.039208602622, 19236.779290401933, -0.30190904376162472E+149, 0.33591606508272178E-17, 0.21712175080720068E-20, 0.89548400587481161E-1, 0.13921440800018904E-5, 0.25723295540517376E-2, 0.17463702141640465E-6, 0.93292670829723090E-1, 0.11916819359707638E-12, 51.612879089963776, 0.56808190441031076E-3, 5181.5301227029659, 0.90377272059874947E-1, 1209219.2339378579, 12.052762210931053, 124102.85860567635, 0.0000000000000000, 0.14081912424567657E-1, 0.14644257335368871E-5, 7.7906232586540503, 0.95234390570489696E-3, 659.93514553396858, 0.16166446455927706E-1, 182301.62781001668, 5.2609028824656878, 15794.909277085742, 0.47376162601291899E-2, 0.88011954116374604E-3, 0.74641759953617353E-7, 0.48691395377235774, 0.30519558335361706E-3, 18.956474278441124, 0.16756048335013973E-2, 11353.347328503107, 2.3984333742045028, 451.28312220245101, 0.14424877115442977E-1, 2205324.3651232934, 0.30315548721562542E-3, 36.154867331910175, 0.48207933327924102E-2, 0.73370262668344630E-17, 263.37511671149957, 1.1519536933831007, 0.24565648485733177E-15, 0.11895499267920511E-26, 0.10562751572187809E-29, 8330.7525950648342, 36.684088742778997, 19080.070174256245, 86.415670991226861, 294.40762282134875, 1.2897255860767443
5.0408154780401695, 25.907853838819197, 33.981026040401751, 0.38728961339785981E-30, 21838.747023986314, 20056.826043645084, -0.36452411351251998E+149, 0.14134221459221248E-19, 0.92647941330772845E-23, 0.73215134769430437E-1, 0.56689889621947359E-6, 0.21005960722705755E-2, 0.10881513738937103E-6, 0.91347342330879711E-1, 0.14975039979129517E-12, 51.715941575381457, 0.60736279623893337E-3, 4330.1648594411181, 0.36799658203110493E-1, 1215738.0536301343, 11.486915086673212, 101307.37090319881, 0.0000000000000000, 0.13788277897417992E-1, 0.10381806302605938E-5, 7.8061798602150043, 0.10175475366283062E-2, 551.30149829402410, 0.65960090033580143E-2, 183321.09383991951, 5.1486009438050511, 12893.665387679985, 0.37753868706461870E-2, 0.86176738675867277E-3, 0.53974609128446594E-7, 0.48788624137778064, 0.32202979093428724E-3, 15.792494009799668, 0.98357044558832212E-3, 11423.538900575759, 2.0970376716953623, 368.39043964799691, 0.11855301752844181E-1, 2221448.5339701618, 0.30462782319701828E-3, 41.719760584063842, 0.41099950371987923E-3, 0.50427057093654007E-20, 262.25177471937923, 1.1468490582032735, 0.16888897743554441E-18, 0.82393860066112873E-30, 0.72955191518466292E-33, 8691.9224886543143, 38.274596411737171, 18686.411930675291, 84.683020588070775, 229.20713161103964, 1.0039597381276983
6.2167463965594205, 25.873151795660977, 33.977582374263349, 0.97869835520974244E-35, 21597.317638910539, 19771.750236720833, -0.42940018129230874E+149, 0.63248962800068216E-22, 0.41959224151369379E-25, 0.53627399508722445E-1, 0.20931165278776801E-6, 0.18567256434799898E-2, 0.82162402982000878E-7, 0.87159955450510529E-1, 0.18430168045259405E-12, 51.826761779555156, 0.64941518509486562E-3, 3261.6859314668131, 0.13186667960159017E-1, 1222529.6103854594, 11.005291654981702, 73608.082790852844, 0.0000000000000000, 0.13156219461053944E-1, 0.69778952652098363E-6, 7.8229074381924724, 0.10877327128378130E-2, 415.19416912883406, 0.24115793677433345E-2, 184390.08403819436, 5.0532272585467553, 9368.3014461086550, 0.26372276577586919E-2, 0.82226373830917719E-3, 0.37516033819788361E-7, 0.48893171501004729, 0.33830343626997374E-3, 11.877944732218717, 0.59099652980909806E-3, 11498.350154059919, 1.7386677197258960, 267.66575560310520, 0.87346890364864999E-2, 2238638.3012978863, 0.30593765369823860E-3, 47.335891371277135, 0.30939404933177826E-4, 0.27201074015092545E-23, 262.86691430049234, 1.1493331558119417, 0.91127320718767840E-22, 0.44752132440577734E-33, 0.39535886646467444E-36, 8495.7407594610995, 37.404558884933387, 18883.699179280939, 85.559118811583602, 176.82314347734780, 0.77443059268434922
7.5332714556690821, 25.843308920567317, 33.973855775961432, 0.21576320143184429E-39, 20247.467023785572, 18464.266386893793, -0.49201853730213301E+149, 0.35927138925132571E-24, 0.24015142878126960E-27, 0.44192437232809537E-1, 0.93173094846503479E-7, 0.23831117369909893E-2, 0.10211379832116321E-6, 0.80482872598884411E-1, 0.22197223763652503E-12, 51.940670990609782, 0.69258347343375810E-3, 2169.6457566574181, 0.42136722665791259E-2, 1229577.8283903869, 10.627340579873422, 46979.549848128874, 0.0000000000000000, 0.12148357859015944E-1, 0.44659128707202436E-6, 7.8401012813610462, 0.11602429801655771E-2, 276.16065669216209, 0.80645538041690076E-3, 185499.50087856813, 4.9786631444109659, 5979.2154352164343, 0.16070882248420035E-2, 0.75927239207793573E-3, 0.25429958501330118E-7, 0.49000633021738038, 0.35270804268625500E-3, 7.8954805531921703, 0.35006838779521335E-3, 11575.995521571022, 1.3618355954112953, 170.83472672047202, 0.56883952508662164E-2, 2256265.8447753843, 0.30694782988332028E-3, 52.637457342996854, 0.15218381255486466E-4, 0.12818437072418378E-26, 265.64464189651125, 1.1612701906805132, 0.42955092856008358E-25, 0.21277495944918839E-36, 0.18719700741413859E-39, 7787.2843067378062, 34.274475489535632, 19621.415420038651, 88.819264067756109, 139.32894752086736, 0.61019508340985296
8.9777357914215301, 25.816453599204827, 33.969988757681875, 0.45723336919893515E-44, 18147.897767485571, 16475.893485234723, -0.54725514489798614E+149, 0.31863971539239047E-26, 0.21216039021383366E-29, 0.59740818763427496E-1, 0.79652470659838509E-7, 0.32388095317657478E-2, 0.74116310593544498E-5, 0.71701855276181822E-1, 0.26134578710087181E-12, 52.052038390391537, 0.73489256193340737E-3, 1255.0158149930760, 0.12220425124610014E-2, 1236853.2163668647, 10.353555507123046, 25967.447911651332, 0.0000000000000000, 0.10822921245450121E-1, 0.27574212471937098E-6, 7.8569114549060508, 0.12318726798890109E-2, 159.73669824185035, 0.25259169110467732E-3, 186636.90592212483, 4.9250372774174513, 3304.9479160283372, 0.84122616095593709E-3, 0.67643260741285887E-3, 0.17278579260731055E-7, 0.49105696607362653, 0.36395558275486092E-3, 4.5655094129372200, 0.19314639612695911E-3, 11654.240565716576, 1.0173464412295130, 94.427083315096837, 0.32175782924773002E-2, 2273614.2820505872, 0.30753993485640243E-3, 57.229331522961360, 0.13003613701545390E-3, 0.58147512551491825E-30, 270.73022298526507, 1.1833062244099046, 0.19490271514844199E-28, 0.97781880859803866E-40, 0.87982100612516859E-43, 6742.7102550676718, 29.664683738889192, 20709.317661921465, 93.620728713678588, 112.86531102295960, 0.49431469438486636
10.534257823134492, 25.790422872245003, 33.966158540373733, 0.10062952271473490E-48, 15792.496905749196, 14272.289831465432, -0.59031513939364136E+149, 0.16454934398410175E-27, 0.48219321289416768E-31, 0.23845418102836829, 0.68250732089743343E-6, 0.13721417608258443E-1, 0.66125419626951280E-2, 0.61844643523578470E-1, 0.30041792736571339E-12, 52.154931866572134, 0.77425090111960752E-3, 627.94422558634960, 0.33250399434884588E-3, 1244176.9251328083, 10.171687337232994, 12197.424260926540, 0.0000000000000000, 0.93350401963115236E-2, 0.16945844566003889E-6, 7.8724425456468170, 0.12992012171080957E-2, 79.922343442790677, 0.76387520209428566E-4, 187770.01386699209, 4.8893615438532132, 1552.3994513906080, 0.35933754568823569E-3, 0.58344004496916073E-3, 0.12270810128433043E-7, 0.49202765925475361, 0.37099545828774667E-3, 2.2839648346240367, 0.95869646385411897E-4, 11730.102560060432, 0.74930492486461375, 44.354270039733713, 0.15524207308078479E-2, 2289938.8861765401, 0.30763623250914857E-3, 60.725784613475021, 0.11744601498967918E-2, 0.27436661816420149E-33, 278.03808496494105, 1.2150791188199555, 0.91984530409248259E-32, 0.48990223242334205E-43, 0.14000387833349578E-44, 5600.6074412443868, 24.629417808920596, 21891.754922340791, 98.833934827048353, 92.642762163200359, 0.40578037235686587
12.185688753790268, 25.765877439398061, 33.962560495334984, 0.22411047033705179E-53, 13403.640490574702, 12054.767370907999, -0.62067005531861137E+149, 0.81943850183847668E-26, 0.69906013894819848E-30, 29.902421362196456, 0.19341862606809393E-3, 1.0294265531305982, 1.3724043022782786, 0.51080669180646021E-1, 0.34163921096640623E-12, 52.255822413949254, 0.81331667267642500E-3, 264.91479314068374, 0.82185780553007022E-4, 1252152.9706319296, 10.049745747932839, 4830.6464594839372, 0.0000000000000000, 0.77102893298689364E-2, 0.10381835593304381E-6, 7.8876713075159826, 0.13670225945335119E-2, 33.717016312639053, 0.21492099846891301E-4, 188990.73403638531, 4.8641590176010059, 614.80954938887794, 0.12693804320474335E-3, 0.48189311834360889E-3, 0.92273136980354026E-8, 0.49297945688259731, 0.37347269975689296E-3, 0.96347054096992557, 0.40778594263425850E-4, 11809.460306359406, 0.55718914810376174, 17.565987125397072, 0.63052715393274185E-3, 2306494.4843975198, 0.30714737455136775E-3, 63.038229993038449, 0.98649198856473330E-2, 0.12792267994032622E-36, 288.34321640487599, 1.2599666697175080, 0.42858520507494245E-35, 0.14653222461716546E-45, 0.12435179490748116E-45, 4462.5789656065563, 19.616715995069260, 23065.408810795412, 104.00331146023080, 74.411310665272325, 0.32595906318298928
13.915246172584975, 25.744243191613869, 33.959389069527717, 0.42054461480678971E-58, 10468.142400957857, 9300.4916867209977, -0.63930448878404585E+149, 0.48664955490619265E-24, 0.40576884961957324E-28, 37.508952150674475, 0.45108273747503091E-3, 1.4744965195337898, 3.5851234252034789, 0.34794208729642187E-1, 0.40843195505287303E-12, 52.408991044377387, 0.87382146952658460E-3, 62.120289318505527, 0.12079249486402621E-4, 1265812.2919879812, 9.9340052546474720, 1075.2552878802765, 0.0000000000000000, 0.52519556624680509E-2, 0.52023070434408746E-7, 7.9107911007999192, 0.14745162139712044E-2, 7.9063159520526529, 0.36294231986546044E-5, 191062.68933773483, 4.8341276337788139, 136.85067300294455, 0.25287462675500160E-4, 0.32824726641365756E-3, 0.68530566060786658E-8, 0.49442444398322283, 0.36743019918381064E-3, 0.22591578767338927, 0.95346422456877221E-5, 11940.812978128230, 0.39646583891929110, 3.9100192286556159, 0.13848405290962438E-3, 2333165.4065249180, 0.30508315816408013E-3, 63.713190516161724, 0.10971102763453625, 0.42282732650213747E-40, 309.86447136938318, 1.3538116369497262, 0.14075238971507390E-38, 0.13315558081926412E-48, 0.12587131929419920E-48, 3062.0282299339979, 13.453414380011742, 24555.085149088885, 110.55780638152706, 49.590390157733083, 0.21725477303913118
15.707620754619395, 25.726751677874930, 33.956821590374965, 0.88711215693137734E-63, 7684.5514755725790, 6676.6939608243101, -0.62877832651925448E+149, 0.10991633913973008E-22, 0.89966530283028835E-27, 37.723572390150302, 0.76313653867443848E-3, 1.7434344802619886, 6.5879086094246349, 0.16694880380556019E-1, 0.50026250522658983E-12, 52.616729596860530, 0.95849817729243975E-3, 6.8833726916737348, 0.10049540613961404E-5, 1287280.3736488859, 9.8133862225010660, 113.60100600815383, 0.0000000000000000, 0.25199816004127752E-2, 0.21367705033096332E-7, 7.9421478634773148, 0.16310729170838187E-2, 0.87607455954331770, 0.32515687346753246E-6, 194306.09492991850, 4.7838654185935638, 14.458309855582899, 0.23380998092094579E-5, 0.15749888656092269E-3, 0.52286524134846256E-8, 0.49638424168784734, 0.33951462838530903E-3, 0.25032635665223624E-1, 0.10429653229323097E-5, 12144.062252877111, 0.31949765840445327, 0.41309456730236943, 0.13626193475837535E-4, 2373897.5113511574, 0.29916496083076693E-3, 58.079292785407667, 0.85735160243415687, 0.12091138080380566E-43, 347.14926579581578, 1.5164553994298717, 0.39749440894425595E-42, 0.87682005075462121E-52, 0.85625808791451136E-52, 1753.3300745933334, 7.6992609134687395, 25992.085722920045, 116.87404667964491, 28.522951250084574, 0.12494719283712936
17.549555089817318, 25.714396286209617, 33.955007156747421, 0.27779672053383446E-67, 5670.4935986101245, 4806.2803791463211, -0.59004828507389458E+149, 0.50734436506003611E-22, 0.41010333925325830E-26, 39.169175690724693, 0.10662994006147633E-2, 2.0266638750718267, 9.6971950976228758, 0.48250614923489657E-2, 0.57934260982984445E-12, 52.843341578666383, 0.10553545492666089E-2, 0.33676630728933010, 0.45641303501795373E-7, 1317015.6185415939, 9.6287987287353687, 5.3703199088129443, 0.0000000000000000, 0.72831094336287753E-3, 0.67531785090649979E-8, 7.9763534457157039, 0.18244478908421458E-2, 0.42861589321001023E-1, 0.14408786636076319E-7, 198794.79161371395, 4.6831293047296478, 0.68349526112164283, 0.94664048304833468E-7, 0.45519461426424849E-4, 0.35738965915659354E-8, 0.49852209064207548, 0.27756261510637119E-3, 0.12247082868923258E-2, 0.51620576849368601E-7, 12424.671070105889, 0.29717331704689576, 0.19528436032047094E-1, 0.57705925900997812E-6, 2429998.5040921560, 0.28642271347576842E-3, 39.045353763106810, 1.8102541846247895, 0.36749967127501804E-47, 397.28435138684358, 1.7351126314579881, 0.11827372045824747E-45, 0.27055644829876038E-54, 0.95566636351831395E-55, 859.31150041723652, 3.7711753432937383, 26991.014728808634, 121.26062695813413, 14.191601049256878, 0.62148105971599164E-1
19.430008386115109, 25.707950568784469, 33.954060653208536, 0.13618288459333496E-71, 4653.0504532748309, 3889.0694365346335, -0.55330116892979823E+149, 0.78623568583446007E-22, 0.63473503606331251E-26, 41.186896519387318, 0.12620966371006230E-2, 2.2357416757741473, 11.762734593908194, 0.90011188538966728E-3, 0.59324906777489763E-12, 52.997074336737775, 0.11263312155032142E-2, 0.75296144333720947E-2, 0.11352739597615534E-8, 1348554.4557758973, 9.3778439661259068, 0.11838862561675623, 0.0000000000000000, 0.13586586053635706E-3, 0.15464072268359778E-8, 7.9995583903973149, 0.19903754357762015E-2, 0.95832489238302954E-3, 0.32530951242712677E-9, 203555.38903556814, 4.5413136216706942, 0.15067643260314440E-1, 0.17663816843684009E-8, 0.84916313098946812E-5, 0.19272190907281851E-8, 0.49997239977229352, 0.20534171910353957E-3, 0.27382945457183819E-4, 0.12436326596961807E-8, 12722.211741945615, 0.28655624882638148, 0.43050409315184064E-3, 0.11179551985732459E-7, 2489521.3509486495, 0.26850977974084915E-3, 20.838402606257333, 1.4307856071158715, 0.18765106416853557E-46, 444.51408181744642, 1.9409797638132091, 0.69620654259549880E-45, 0.81681790827038296E-51, 0.13273686959598921E-51, 446.71197022307797, 1.9592224868815358, 27448.122292491480, 123.26637736442184, 10.115136540670925, 0.44229573534993391E-1
21.340052396880075, 25.000000000000000, 1.0000000000000000, 0.0000000000000000, 2000.0000000000000, 2000.0000000000000, 0.0000000000000000, 63.000000000000000, 0.0000000000000000, 591.00000000000000, 0.0000000000000000, 49.000000000000000, 0.0000000000000000, 0.0000000000000000, 0.0000000000000000, 0.0000000000000000, 0.0000000000000000, 0.75295886008775138E-2, 0.11352733754402716E-8, 1348554.4582917970, 9.3778439466234822, 0.11838824895398747, 0.0000000000000000, 0.0000000000000000, 0.0000000000000000, 0.0000000000000000, 0.0000000000000000, 0.95832160460506885E-3, 0.32530895269510003E-9, 203555.38941532825, 4.5413136106303043, 0.15067595321416600E-1, 0.17663749207569943E-8, 0.0000000000000000, 0.0000000000000000, 0.0000000000000000, 0.0000000000000000, 0.27382851519392778E-4, 0.12436300714925230E-8, 12722.211765680926, 0.28655624799846618, 0.43050272346904518E-3, 0.11179510915147382E-7, 2489521.3556314963, 0.26850977833158310E-3, 0.0000000000000000, 1.4307884330498513, 0.0000000000000000, 444.51408553315429, 1.9409797800094084, 0.69639141867864440E-45, 0.81703470390059544E-51, 0.13277200306726737E-51, 0.0000000000000000, 0.0000000000000000, 806.85714285714289, 806.85714285714289, 10.115133371900663, 0.44229559634044693E-1
